{
"arxiv:2606.12872": 1781450723.1261423,
"arxiv:2606.09564": 1781450723.2769842,
"arxiv:2606.10191": 1781450723.274558,
"arxiv:2606.09820": 1781450723.276381,
"arxiv:2606.12717": 1781450723.442572,
"arxiv:2606.10245": 1781450723.4503076,
"doi:10.1111/mafi.70036": 1781450758.243721,
"doi:10.1080/14697688.2026.2667872": 1781450772.4501429,
"arxiv:2606.02336": 1781450723.130501,
"arxiv:2606.08209": 1781450723.2876952,
"arxiv:2606.07290": 1781450723.291728,
"arxiv:2606.06737": 1781450723.2921858,
"arxiv:2606.05900": 1781450723.2972732,
"arxiv:2606.02945": 1781450723.3013055,
"arxiv:2606.01356": 1781450723.4774466,
"arxiv:2606.03184": 1781450723.4724052,
"arxiv:2606.02657": 1781450723.4748683,
"arxiv:2606.04235": 1781450723.6270013,
"doi:10.1007/s11147-026-09237-8": 1781450788.2022583,
"arxiv:2605.27182": 1781451692.146711,
"arxiv:2605.30567": 1781451692.146711,
"doi:10.1007/s11147-026-09238-7": 1781451692.146711,
"arxiv:2605.25450": 1781451692.146711,
"arxiv:2606.11237": 1781451692.146711,
"arxiv:2605.21696": 1781451692.146711,
"arxiv:2605.30562": 1781451692.146711,
"arxiv:2606.01122": 1781451692.146711,
"arxiv:2605.22792": 1781451692.146711,
"arxiv:2605.27945": 1781451692.146711,
"doi:10.1093/rfs/hhag057": 1781480355.457893,
"arxiv:2606.16619": 1781935948.911111,
"doi:10.1080/14697688.2026.2657390": 1781935948.911111,
"arxiv:2606.17545": 1781935948.911111,
"arxiv:2606.18935": 1781935948.911111,
"arxiv:2606.15502": 1781935948.911111,
"arxiv:2606.16961": 1781935948.911111,
"arxiv:2606.19318": 1781935948.911111,
"arxiv:2606.17032": 1781935948.911111,
"doi:10.1080/14697688.2026.2672622": 1781935948.911111
}