{
"arxiv:2606.12872": 1781440799.4830785,
"arxiv:2606.09564": 1781440799.4859667,
"arxiv:2606.10191": 1781440801.3075721,
"arxiv:2606.09820": 1781440801.3106127,
"arxiv:2606.12717": 1781440803.5108466,
"arxiv:2606.10245": 1781440803.520587,
"doi:10.1111/mafi.70036": 1781440815.9425976,
"doi:10.1080/14697688.2026.2667872": 1781440821.9643967
}