{
"arxiv:2606.12872": 1781443187.24488,
"arxiv:2606.09564": 1781443187.2454686,
"arxiv:2606.10191": 1781443187.3658712,
"arxiv:2606.09820": 1781443187.3666549,
"arxiv:2606.12717": 1781443187.4820554,
"arxiv:2606.10245": 1781443187.4856992,
"doi:10.1111/mafi.70036": 1781443197.2797995,
"doi:10.1080/14697688.2026.2667872": 1781443203.781522
}